order_id,value_normal,value_drifted,loss_per_order
0,100.04967141530112,100.04967141530112,0.0
1,100.035844985184,100.035844985184,0.0
2,100.10061383899408,100.10061383899408,0.0
3,100.25291682463488,100.25291682463488,0.0
4,100.22950148716254,100.22950148716254,0.0
5,100.20608779146762,100.20608779146762,0.0
6,100.36400907301837,100.36400907301837,0.0
7,100.44075254593365,100.44075254593365,0.0
8,100.39380510734016,100.39380510734016,0.0
9,100.44806111169876,100.44806111169876,0.0
10,100.40171934241751,100.40171934241751,0.0
11,100.35514636706048,100.35514636706048,0.0
12,100.37934259421709,100.37934259421709,0.0
13,100.1880145697513,100.1880145697513,0.0
14,100.0155227865,100.0155227865,0.0
15,99.9592940335759,99.9592940335759,0.0
16,99.85801092154246,99.85801092154246,0.0
17,99.88943565480199,99.88943565480199,0.0
18,99.79863324724987,99.79863324724987,0.0
19,99.65740287711634,99.65740287711634,0.0
20,99.8039677540085,99.8039677540085,0.0
21,99.78139012395984,99.78139012395984,0.0
22,99.78814294442864,99.78814294442864,0.0
23,99.64566812580729,99.64566812580729,0.0
24,99.59122985335478,99.59122985335478,0.0
25,99.60232211232577,99.60232211232577,0.0
26,99.48722275458353,99.48722275458353,0.0
27,99.52479255641809,99.52479255641809,0.0
28,99.46472868742622,99.46472868742622,0.0
29,99.43555931244688,99.43555931244688,0.0
30,99.37538865122394,99.37538865122394,0.0
31,99.56061646967484,99.56061646967484,0.0
32,99.55926674720105,99.55926674720105,0.0
33,99.45349565430546,99.45349565430546,0.0
34,99.53575014551578,99.53575014551578,0.0
35,99.41366578051867,99.41366578051867,0.0
36,99.43455214001915,99.43455214001915,0.0
37,99.23858512763117,99.23858512763117,0.0
38,99.10576652274133,99.10576652274133,0.0
39,99.12545264632824,99.12545264632824,0.0
40,99.19929930432778,99.19929930432778,0.0
41,99.21643613244679,99.21643613244679,0.0
42,99.20487130420796,99.20487130420796,0.0
43,99.17476093464903,99.17476093464903,0.0
44,99.02690873561228,99.02690873561228,0.0
45,98.95492431477281,98.95492431477281,0.0
46,98.90886043767684,98.90886043767684,0.0
47,99.01457266029873,99.01457266029873,0.0
48,99.04893448925557,99.04893448925557,0.0
49,98.8726304737193,98.8726304737193,0.0
50,98.90503887065879,98.90503887065879,0.0
51,98.86653064261715,98.86653064261715,0.0
52,98.79883844258656,98.79883844258656,0.0
53,98.86000607147064,98.86000607147064,0.0
54,98.96310602372023,98.96310602372023,0.0
55,99.05623403563186,99.05623403563186,0.0
56,98.97231228330959,98.97231228330959,0.0
57,98.94139104572447,98.94139104572447,0.0
58,98.97451738886483,98.97451738886483,0.0
59,99.07207190157706,99.07207190157706,0.0
60,99.02415447779254,99.02415447779254,0.0
61,99.00558858012614,99.00558858012614,0.0
62,98.89495508272555,98.89495508272555,0.0
63,98.77533442031748,98.77533442031748,0.0
64,98.85658700255689,98.85658700255689,0.0
65,98.99221100541398,98.99221100541398,0.0
66,98.98500999325594,98.98500999325594,0.0
67,99.08536328304515,99.08536328304515,0.0
68,99.12152688554991,99.12152688554991,0.0
69,99.0570149100894,99.0570149100894,0.0
70,99.09315447064024,99.09315447064024,0.0
71,99.24695812728685,99.24695812728685,0.0
72,99.24337552337585,99.24337552337585,0.0
73,99.39983988895725,99.39983988895725,0.0
74,99.13786537854827,99.13786537854827,0.0
75,99.22005562898579,99.22005562898579,0.0
76,99.22876033580961,99.22876033580961,0.0
77,99.19885960076303,99.19885960076303,0.0
78,99.20803567841658,99.20803567841658,0.0
79,99.00927878695649,99.00927878695649,0.0
80,98.98731159817274,98.98731159817274,0.0
81,99.0230228553239,99.0230228553239,0.0
82,99.17081225979805,99.17081225979805,0.0
83,99.11898523797069,99.11898523797069,0.0
84,99.03813587768137,99.03813587768137,0.0
85,98.98796017332292,98.98796017332292,0.0
86,99.07950038509313,99.07950038509313,0.0
87,99.1123754960591,99.1123754960591,0.0
88,99.0593994756824,99.0593994756824,0.0
89,99.11072621899373,99.11072621899373,0.0
90,99.12043397392853,99.12043397392853,0.0
91,99.21729847298182,99.21729847298182,0.0
92,99.14709316359409,99.14709316359409,0.0
93,99.1143269489343,99.1143269489343,0.0
94,99.0751161336211,99.0751161336211,0.0
95,98.92876463880788,98.92876463880788,0.0
96,98.95837666651434,98.95837666651434,0.0
97,98.98448219373233,98.98448219373233,0.0
98,98.98499353939657,98.98499353939657,0.0
99,98.96153482605907,98.96153482605907,0.0
100,98.81999775185402,98.81999775185402,0.0
101,98.77793321957748,98.77793321957748,0.0
102,98.7436617679248,98.7436617679248,0.0
103,98.66343404100265,98.66343404100265,0.0
104,98.64730546983604,98.64730546983604,0.0
105,98.6877105555175,98.6877105555175,0.0
106,98.87632914563855,98.87632914563855,0.0
107,98.89378692692173,98.89378692692173,0.0
108,98.91954196599401,98.91954196599401,0.0
109,98.9120973744174,98.9120973744174,0.0
110,98.72022025288749,98.72022025288749,0.0
111,98.71756886534257,98.71756886534257,0.0
112,98.72359188633668,98.72359188633668,0.0
113,98.9699160975852,98.9699160975852,0.0
114,98.95068000110709,98.95068000110709,0.0
115,98.98083473534045,98.98083473534045,0.0
116,98.97736355836993,98.97736355836993,0.0
117,98.86049575460797,98.86049575460797,0.0
118,98.97477803605948,98.97477803605948,0.0
119,99.04997133932815,99.04997133932815,0.0
120,99.12907453403245,99.12907453403245,0.0
121,99.03813578855298,99.03813578855298,0.0
122,99.1784152196466,99.1784152196466,0.0
123,99.03823011336736,99.03823011336736,0.0
124,99.09691582274739,99.09691582274739,0.0
125,99.3159613853284,99.3159613853284,0.0
126,99.21690775281532,99.21690775281532,0.0
127,99.16027797985504,99.16027797985504,0.0
128,99.1702431163638,99.1702431163638,0.0
129,99.1198955509522,99.1198955509522,0.0
130,98.96482920784557,98.96482920784557,0.0
131,98.97168550532618,98.97168550532618,0.0
132,98.86545513395356,98.86545513395356,0.0
133,98.91281437701709,98.91281437701709,0.0
134,98.82087195359371,98.82087195359371,0.0
135,98.97586539409546,98.97586539409546,0.0
136,98.89754006486183,98.89754006486183,0.0
137,98.86533391324127,98.86533391324127,0.0
138,98.94668563497824,98.94668563497824,0.0
139,98.82359920333484,98.82359920333484,0.0
140,98.84634519679526,98.84634519679526,0.0
141,98.97705947222349,98.97705947222349,0.0
142,98.81631114876737,98.81631114876737,0.0
143,98.8347745346206,98.8347745346206,0.0
144,98.86076281404544,98.86076281404544,0.0
145,98.93894510122317,98.93894510122317,0.0
146,98.81525003013536,98.81525003013536,0.0
147,98.68320436882694,98.68320436882694,0.0
148,98.73539852538863,98.73539852538863,0.0
149,98.76509699271195,98.76509699271195,0.0
150,98.79014627774653,98.79014627774653,0.0
151,98.82479109869624,98.82479109869624,0.0
152,98.75678862653838,98.75678862653838,0.0
153,98.78001399625448,98.78001399625448,0.0
154,98.80932124358435,98.80932124358435,0.0
155,98.73788610178171,98.73788610178171,0.0
156,98.92446355289619,98.92446355289619,0.0
157,98.97184684498737,98.97184684498737,0.0
158,98.8527164952671,98.8527164952671,0.0
159,98.91837185613049,98.91837185613049,0.0
160,98.82090368910775,98.82090368910775,0.0
161,98.899612149482,98.899612149482,0.0
162,99.01547170738274,99.01547170738274,0.0
163,98.93340347554756,98.93340347554756,0.0
164,99.02974108847201,99.02974108847201,0.0
165,99.07101918116565,99.07101918116565,0.0
166,99.1532251971651,99.1532251971651,0.0
167,99.34290449543049,99.34290449543049,0.0
168,99.31836568383021,99.31836568383021,0.0
169,99.24299206739445,99.24299206739445,0.0
170,99.1540406244319,99.1540406244319,0.0
171,99.07245959593536,99.07245959593536,0.0
172,99.06474942499395,99.06474942499395,0.0
173,99.09886462247562,99.09886462247562,0.0
174,99.12653370240862,99.12653370240862,0.0
175,99.20925202731222,99.20925202731222,0.0
176,99.2105522165,99.2105522165,0.0
177,99.35590562421574,99.35590562421574,0.0
178,99.32943994089194,99.32943994089194,0.0
179,99.60145685755091,99.60145685755091,0.0
180,99.66402359232741,99.66402359232741,0.0
181,99.57830783668578,99.57830783668578,0.0
182,99.47121858687967,99.47121858687967,0.0
183,99.519465828404,99.519465828404,0.0
184,99.4971195498714,99.4971195498714,0.0
185,99.56851959928062,99.56851959928062,0.0
186,99.61584336173797,99.61584336173797,0.0
187,99.60856047047228,99.60856047047228,0.0
188,99.52388109866544,99.52388109866544,0.0
189,99.37239637619686,99.37239637619686,0.0
190,99.32774488099015,99.32774488099015,0.0
191,99.4133847604225,99.4133847604225,0.0
192,99.43479413483551,99.43479413483551,0.0
193,99.31022025696431,99.31022025696431,0.0
194,99.32753834954944,99.32753834954944,0.0
195,99.36607008752232,99.36607008752232,0.0
196,99.27768434390221,99.27768434390221,0.0
197,99.29305685449677,99.29305685449677,0.0
198,99.29887772634136,99.29887772634136,0.0
199,99.1845806965583,99.1845806965583,0.0
200,99.22035943259313,99.22035943259313,0.0
201,99.27643788522995,99.27643788522995,0.0
202,99.38474300954748,99.38474300954748,0.0
203,99.49012321475097,99.49012321475097,0.0
204,99.35235627795527,99.35235627795527,0.0
205,99.25857377396375,99.25857377396375,0.0
206,99.31007730068461,99.31007730068461,0.0
207,99.36145589577583,99.36145589577583,0.0
208,99.41296066440644,99.41296066440644,0.0
209,99.79823381347191,99.79823381347191,0.0
210,99.85532286454122,99.85532286454122,0.0
211,99.96887942855929,99.96887942855929,0.0
212,100.0642796049086,100.0642796049086,0.0
213,100.12941873003919,100.12941873003919,0.0
214,100.09789180557516,100.09789180557516,0.0
215,100.17378872762448,100.17378872762448,0.0
216,100.09650620617073,100.09650620617073,0.0
217,100.07282434549673,100.07282434549673,0.0
218,100.02428799071382,100.02428799071382,0.0
219,100.03247540465244,100.03247540465244,0.0
220,100.2639412613198,100.2639412613198,0.0
221,100.07721474206062,100.07721474206062,0.0
222,100.14584076109807,100.14584076109807,0.0
223,99.98456917397911,99.98456917397911,0.0
224,99.93737598740016,99.93737598740016,0.0
225,100.0462710470969,100.0462710470969,0.0
226,100.05269904900645,100.05269904900645,0.0
227,99.94492457121352,99.94492457121352,0.0
228,99.87339420028752,99.87339420028752,0.0
229,99.94135397518099,99.94135397518099,0.0
230,99.86831731200927,99.86831731200927,0.0
231,99.88996317096748,99.88996317096748,0.0
232,99.89452035495785,99.89452035495785,0.0
233,99.82936032019727,99.82936032019727,0.0
234,100.0437547291298,100.0437547291298,0.0
235,100.1071466313616,100.1071466313616,0.0
236,99.90463237269584,99.90463237269584,0.0
237,99.92327780417278,99.92327780417278,0.0
238,99.85709915769594,99.85709915769594,0.0
239,99.94234249117557,99.94234249117557,0.0
240,99.8630904173323,99.8630904173323,0.0
241,99.85161677318561,99.85161677318561,0.0
242,99.90211550108366,99.90211550108366,0.0
243,99.98869102050067,99.98869102050067,0.0
244,99.86866137979509,99.86866137979509,0.0
245,99.835211256211,99.835211256211,0.0
246,99.7877167250949,99.7877167250949,0.0
247,99.72238380183752,99.72238380183752,0.0
248,99.89892922586564,99.89892922586564,0.0
249,99.93942739696173,99.93942739696173,0.0
250,99.81333900152823,99.81333900152823,0.0
251,99.90512519623371,99.90512519623371,0.0
252,100.11734081593497,100.11734081593497,0.0
253,100.22058734199008,100.22058734199008,0.0
254,100.06865034539469,100.06865034539469,0.0
255,100.02022693810805,100.02022693810805,0.0
256,100.14691805302672,100.14691805302672,0.0
257,100.07615110646485,100.07615110646485,0.0
258,100.12053304927946,100.12053304927946,0.0
259,100.1979964546224,100.1979964546224,0.0
260,100.10530340746459,100.10530340746459,0.0
261,100.0993508718584,100.0993508718584,0.0
262,99.77522413785151,99.77522413785151,0.0
263,99.67278537371807,99.67278537371807,0.0
264,99.64752855857876,99.64752855857876,0.0
265,99.52275024038228,99.52275024038228,0.0
266,99.68599137077544,99.68599137077544,0.0
267,99.54297723297937,99.54297723297937,0.0
268,99.49897278430967,99.49897278430967,0.0
269,99.51204684203829,99.51204684203829,0.0
270,99.6561741709449,99.6561741709449,0.0
271,99.51258795582694,99.51258795582694,0.0
272,99.62890433104245,99.62890433104245,0.0
273,99.6299276371444,99.6299276371444,0.0
274,99.5317767720396,99.5317767720396,0.0
275,99.57798711946594,99.57798711946594,0.0
276,99.59789308902329,99.59789308902329,0.0
277,99.5378714013074,99.5378714013074,0.0
278,99.54485160980641,99.54485160980641,0.0
279,99.50632025012023,99.50632025012023,0.0
280,99.51767198464536,99.51767198464536,0.0
281,99.58388505209746,99.58388505209746,0.0
282,99.742486733712,99.742486733712,0.0
283,99.6187051838293,99.6187051838293,0.0
284,99.83200852129494,99.83200852129494,0.0
285,99.63679974134268,99.63679974134268,0.0
286,99.62162123183913,99.62162123183913,0.0
287,99.68045295248758,99.68045295248758,0.0
288,99.70855213926109,99.70855213926109,0.0
289,99.64628218727903,99.64628218727903,0.0
290,99.6254699622433,99.6254699622433,0.0
291,99.57616986877743,99.57616986877743,0.0
292,99.517233393083,99.517233393083,0.0
293,99.6021936027851,99.6021936027851,0.0
294,99.63789515138161,99.63789515138161,0.0
295,99.56860419185554,99.56860419185554,0.0
296,99.65856417939887,99.65856417939887,0.0
297,99.68929413148653,99.68929413148653,0.0
298,99.77058034337043,99.77058034337043,0.0
299,99.83354322756279,99.83354322756279,0.0
300,99.75064372647057,99.75064372647057,0.0
301,99.69462562245089,99.69462562245089,0.0
302,99.76935498296321,99.76935498296321,0.0
303,99.83039200950655,99.83039200950655,0.0
304,99.82830185011014,99.82830185011014,0.0
305,99.84003458844101,99.84003458844101,0.0
306,99.96780107801986,99.96780107801986,0.0
307,99.90864393913627,99.90864393913627,0.0
308,99.96335367725328,99.96335367725328,0.0
309,99.9431344120099,99.9431344120099,0.0
310,99.92136629168716,99.92136629168716,0.0
311,100.03124397688589,100.03124397688589,0.0
312,100.11378561178469,100.11378561178469,0.0
313,100.19513657538475,100.19513657538475,0.0
314,100.32568445610019,100.32568445610019,0.0
315,100.32778484026346,100.32778484026346,0.0
316,100.39598013739295,100.39598013739295,0.0
317,100.36495346173362,100.36495346173362,0.0
318,100.39737009698246,100.39737009698246,0.0
319,100.38435579154569,100.38435579154569,0.0
320,100.39405538804496,100.39405538804496,0.0
321,100.45357109058865,100.45357109058865,0.0
322,100.3717490222653,100.3717490222653,0.0
323,100.58098774983385,100.58098774983385,0.0
324,100.48038601168388,100.48038601168388,0.0
325,100.3589671504051,100.3589671504051,0.0
326,100.47477823775512,100.47477823775512,0.0
327,100.55394450715141,100.55394450715141,0.0
328,100.61635648885662,100.61635648885662,0.0
329,100.67919103978305,100.67919103978305,0.0
330,100.67796636249837,100.67796636249837,0.0
331,100.58824092534978,100.58824092534978,0.0
332,100.59582138116915,100.59582138116915,0.0
333,100.52810521001794,100.52810521001794,0.0
334,100.62561718335971,100.62561718335971,0.0
335,100.6109114452095,100.6109114452095,0.0
336,100.52836172553025,100.52836172553025,0.0
337,100.49622314136495,100.49622314136495,0.0
338,100.53751628679251,100.53751628679251,0.0
339,100.48114383151211,100.48114383151211,0.0
340,100.39892179195547,100.39892179195547,0.0
341,100.42329051310466,100.42329051310466,0.0
342,100.44778717021553,100.44778717021553,0.0
343,100.39709285267843,100.39709285267843,0.0
344,100.34998902211659,100.34998902211659,0.0
345,100.37319401585235,100.37319401585235,0.0
346,100.22838558170263,100.22838558170263,0.0
347,100.08763920426496,100.08763920426496,0.0
348,100.01579478213972,100.01579478213972,0.0
349,99.99445006696854,99.99445006696854,0.0
350,100.02554082352833,100.02554082352833,0.0
351,100.17307644522329,100.17307644522329,0.0
352,100.2588424075435,100.2588424075435,0.0
353,100.24284855454715,100.24284855454715,0.0
354,100.24094693375689,100.24094693375689,0.0
355,100.1406939972931,100.1406939972931,0.0
356,100.13884268369387,100.13884268369387,0.0
357,100.10997681980184,100.10997681980184,0.0
358,100.14224867583566,100.14224867583566,0.0
359,100.05952558148043,100.05952558148043,0.0
360,100.11146023290455,100.11146023290455,0.0
361,100.26473412420481,100.26473412420481,0.0
362,100.25385810935911,100.25385810935911,0.0
363,100.29402928156901,100.29402928156901,0.0
364,100.36304368074012,100.36304368074012,0.0
365,100.32292163355153,100.32292163355153,0.0
366,100.34533088173258,100.34533088173258,0.0
367,100.34659012181076,100.34659012181076,0.0
368,100.35635773166564,100.35635773166564,0.0
369,100.27905675328009,100.27905675328009,0.0
370,100.28150777070599,100.28150777070599,0.0
371,100.33130759983054,100.33130759983054,0.0
372,100.47642196061004,100.47642196061004,0.0
373,100.57234904321857,100.57234904321857,0.0
374,100.78766728896971,100.78766728896971,0.0
375,100.71093253268091,100.71093253268091,0.0
376,100.79816459635298,100.79816459635298,0.0
377,100.81649879692681,100.81649879692681,0.0
378,101.03547909024859,101.03547909024859,0.0
379,100.95464926171306,100.95464926171306,0.0
380,100.87067707749499,100.87067707749499,0.0
381,100.81073781295058,100.81073781295058,0.0
382,100.5983482405196,100.5983482405196,0.0
383,100.54577273835153,100.54577273835153,0.0
384,100.46985947219616,100.46985947219616,0.0
385,100.48489885084378,100.48489885084378,0.0
386,100.51907444842149,100.51907444842149,0.0
387,100.70669153234309,100.70669153234309,0.0
388,100.8017339161617,100.8017339161617,0.0
389,100.74404355059545,100.74404355059545,0.0
390,100.65420208346062,100.65420208346062,0.0
391,100.70339400061127,100.70339400061127,0.0
392,100.5713706799092,100.5713706799092,0.0
393,100.75451655649464,100.75451655649464,0.0
394,100.87246056856677,100.87246056856677,0.0
395,100.82554300335629,100.82554300335629,0.0
396,100.6542295504472,100.6542295504472,0.0
397,100.78961678786375,100.78961678786375,0.0
398,100.77816280333849,100.77816280333849,0.0
399,100.90194443453584,100.90194443453584,0.0
400,100.74250166865639,100.74250166865639,0.0
401,100.68256416636102,100.68256416636102,0.0
402,100.68308853633283,100.68308853633283,0.0
403,100.68778659570931,100.68778659570931,0.0
404,100.64278004856138,100.64278004856138,0.0
405,100.70506504179613,100.70506504179613,0.0
406,100.59830299885787,100.59830299885787,0.0
407,100.58406505035575,100.58406505035575,0.0
408,100.59609461352693,100.59609461352693,0.0
409,100.64753849693281,100.64753849693281,0.0
410,100.7186999847417,100.7186999847417,0.0
411,100.6062357755579,100.6062357755579,0.0
412,100.45282435848435,100.45282435848435,0.0
413,100.5805920406742,100.5805920406742,0.0
414,100.61382344187216,100.61382344187216,0.0
415,100.5389747882165,100.5389747882165,0.0
416,100.69408998576876,100.69408998576876,0.0
417,100.70565744919804,100.70565744919804,0.0
418,100.82358716760443,100.82358716760443,0.0
419,100.83033901574544,100.83033901574544,0.0
420,101.03641380823363,101.03641380823363,0.0
421,101.21194789247795,101.21194789247795,0.0
422,101.18705147763005,101.18705147763005,0.0
423,101.28420857272549,101.28420857272549,0.0
424,101.348746167684,101.348746167684,0.0
425,101.48560932343723,101.48560932343723,0.0
426,101.38911697737922,101.38911697737922,0.0
427,101.45772212337907,101.45772212337907,0.0
428,101.56356457206402,101.56356457206402,0.0
429,101.38769062342172,101.38769062342172,0.0
430,101.26936477215514,101.26936477215514,0.0
431,101.06544155437912,101.06544155437912,0.0
432,101.03850087093467,101.03850087093467,0.0
433,101.11025509651427,101.11025509651427,0.0
434,101.26049080172388,101.26049080172388,0.0
435,101.26790027976585,101.26790027976585,0.0
436,101.43076183432298,101.43076183432298,0.0
437,101.29275168850148,101.29275168850148,0.0
438,101.12241344456598,101.12241344456598,0.0
439,101.11685867467631,101.11685867467631,0.0
440,101.15526521957024,101.15526521957024,0.0
441,101.15199574476082,101.15199574476082,0.0
442,100.94525153475685,100.94525153475685,0.0
443,100.93633953080557,100.93633953080557,0.0
444,100.80589258075508,100.80589258075508,0.0
445,100.87285983563808,100.87285983563808,0.0
446,100.90951966024777,100.90951966024777,0.0
447,100.81553168161503,100.81553168161503,0.0
448,100.76414498988136,100.76414498988136,0.0
449,100.65822363769247,100.65822363769247,0.0
450,100.65195572796515,100.65195572796515,0.0
451,100.74746996001528,100.74746996001528,0.0
452,100.64889735538172,100.64889735538172,0.0
453,100.69930200693351,100.69930200693351,0.0
454,100.64627624509626,100.64627624509626,0.0
455,100.56698896187002,100.56698896187002,0.0
456,100.55628592587458,100.55628592587458,0.0
457,100.45276169363264,100.45276169363264,0.0
458,100.39739676309792,100.39739676309792,0.0
459,100.27760897383904,100.27760897383904,0.0
460,100.47408148713068,100.47408148713068,0.0
461,100.47760784232784,100.47760784232784,0.0
462,100.40763529152858,100.40763529152858,0.0
463,100.429033282602,100.429033282602,0.0
464,100.41780047763292,100.41780047763292,0.0
465,100.3957035176796,100.3957035176796,0.0
466,100.45712018768394,100.45712018768394,0.0
467,100.53287095868868,100.53287095868868,0.0
468,100.47982084392763,100.47982084392763,0.0
469,100.42223901986316,100.42223901986316,0.0
470,100.39473385014799,100.39473385014799,0.0
471,100.16454173367443,100.16454173367443,0.0
472,100.01302262745457,100.01302262745457,0.0
473,100.14971005419903,100.14971005419903,0.0
474,100.31420682554915,100.31420682554915,0.0
475,100.28930322159351,100.28930322159351,0.0
476,100.34695891789909,100.34695891789909,0.0
477,100.37808393335345,100.37808393335345,0.0
478,100.68597201419897,100.68597201419897,0.0
479,100.79792950534242,100.79792950534242,0.0
480,100.78513774619435,100.78513774619435,0.0
481,100.68958370213431,100.68958370213431,0.0
482,100.52893907010855,100.52893907010855,0.0
483,100.54928543369527,100.54928543369527,0.0
484,100.47365035916684,100.47365035916684,0.0
485,100.33142498820708,100.33142498820708,0.0
486,100.26676769978282,100.26676769978282,0.0
487,100.15861289942139,100.15861289942139,0.0
488,100.32732706292865,100.32732706292865,0.0
489,100.41549103862359,100.41549103862359,0.0
490,100.41469377449192,100.41469377449192,0.0
491,100.56268818838093,100.56268818838093,0.0
492,100.57042501914569,100.57042501914569,0.0
493,100.48429659901286,100.48429659901286,0.0
494,100.63660900673983,100.63660900673983,0.0
495,100.6905000111083,100.6905000111083,0.0
496,100.58677539567564,100.58677539567564,0.0
497,100.56774152786728,100.56774152786728,0.0
498,100.48017970252882,100.48017970252882,0.0
499,100.34189972943238,100.34189972943238,0.0
500,100.43451748418555,100.43451748418555,0.0
501,100.62545914823255,100.62545914823255,0.0
502,100.48560239085064,100.48560239085064,0.0
503,100.5418993145197,100.5418993145197,0.0
504,100.47683505760752,100.47683505760752,0.0
505,100.42812251923105,100.42812251923105,0.0
506,100.36888312680716,100.36888312680716,0.0
507,100.28248404983918,100.28248404983918,0.0
508,100.28733621263366,100.28733621263366,0.0
509,100.20424120099256,100.20424120099256,0.0
510,100.23128688357055,100.23128688357055,0.0
511,100.22626307262563,100.22626307262563,0.0
512,100.20236826793898,100.20236826793898,0.0
513,100.11161190173483,100.11161190173483,0.0
514,100.05393476867799,100.05393476867799,0.0
515,100.12947389126057,100.12947389126057,0.0
516,100.179565610023,100.179565610023,0.0
517,100.08181008554315,100.08181008554315,0.0
518,100.09174331608608,100.09174331608608,0.0
519,100.16688202842326,100.16688202842326,0.0
520,99.99994150031111,99.99994150031111,0.0
521,100.0542775195491,100.0542775195491,0.0
522,99.98801514365452,99.98801514365452,0.0
523,100.04507501051384,100.04507501051384,0.0
524,99.96874909485959,99.96874909485959,0.0
525,99.78826088479313,99.78826088479313,0.0
526,99.62550664100482,99.62550664100482,0.0
527,99.63031513567095,99.63031513567095,0.0
528,99.6562873858431,99.6562873858431,0.0
529,99.56585572333266,99.56585572333266,0.0
530,99.6297149692104,99.6297149692104,0.0
531,99.4635629629835,99.4635629629835,0.0
532,99.45695498311878,99.45695498311878,0.0
533,99.33585336314253,99.33585336314253,0.0
534,99.27066975236231,99.27066975236231,0.0
535,99.27540961949396,99.27540961949396,0.0
536,99.18936828296556,99.18936828296556,0.0
537,99.15091272854258,99.15091272854258,0.0
538,99.25154200946402,99.25154200946402,0.0
539,99.1938528225117,99.1938528225117,0.0
540,99.27742203371822,99.27742203371822,0.0
541,99.16445134825246,99.16445134825246,0.0
542,99.21743176604399,99.21743176604399,0.0
543,99.36158862810977,99.36158862810977,0.0
544,99.11442417809705,99.11442417809705,0.0
545,99.03473465255,99.03473465255,0.0
546,99.09244186526806,99.09244186526806,0.0
547,99.07213732666375,99.07213732666375,0.0
548,99.1092519140009,99.1092519140009,0.0
549,99.0488533953293,99.0488533953293,0.0
550,99.0575123740766,99.0575123740766,0.0
551,99.04194465053739,99.04194465053739,0.0
552,99.15872285670336,99.15872285670336,0.0
553,99.18416494103349,99.18416494103349,0.0
554,99.21792520724101,99.21792520724101,0.0
555,99.17673751062877,99.17673751062877,0.0
556,99.12797688822151,99.12797688822151,0.0
557,99.08472106943955,99.08472106943955,0.0
558,99.12416628367738,99.12416628367738,0.0
559,99.08206783559535,99.08206783559535,0.0
560,99.11104532128499,99.11104532128499,0.0
561,99.31858540114953,99.31858540114953,0.0
562,99.4056978714927,99.4056978714927,0.0
563,99.37309551827593,99.37309551827593,0.0
564,99.49321691049232,99.49321691049232,0.0
565,99.45240937319016,99.45240937319016,0.0
566,99.24859691967238,99.24859691967238,0.0
567,99.14778828858064,99.14778828858064,0.0
568,98.96070909647806,98.96070909647806,0.0
569,98.92555774807393,98.92555774807393,0.0
570,98.92739958599287,98.92739958599287,0.0
571,99.0950433172204,99.0950433172204,0.0
572,99.12773605459682,99.12773605459682,0.0
573,99.10582600171594,99.10582600171594,0.0
574,99.18876655983428,99.18876655983428,0.0
575,98.9676530289335,98.9676530289335,0.0
576,98.99121448474435,98.99121448474435,0.0
577,99.06830100413305,99.06830100413305,0.0
578,98.92044237955507,98.92044237955507,0.0
579,99.03481778387575,99.03481778387575,0.0
580,99.0686674246252,99.0686674246252,0.0
581,99.02713863323513,99.02713863323513,0.0
582,99.09041681984574,99.09041681984574,0.0
583,99.31748610562619,99.31748610562619,0.0
584,99.33567273113204,99.33567273113204,0.0
585,99.36049478976207,99.36049478976207,0.0
586,99.31455869980805,99.31455869980805,0.0
587,99.22957426286156,99.22957426286156,0.0
588,99.312607844516,99.312607844516,0.0
589,99.2269994619251,99.2269994619251,0.0
590,99.23415608564704,99.23415608564704,0.0
591,99.18639034097053,99.18639034097053,0.0
592,99.23428832354517,99.23428832354517,0.0
593,99.26765453407387,99.26765453407387,0.0
594,99.37140852849966,99.37140852849966,0.0
595,99.32040688861419,99.32040688861419,0.0
596,99.29341939508484,99.29341939508484,0.0
597,99.19554302350662,99.19554302350662,0.0
598,99.151113697499,99.151113697499,0.0
599,99.18884374680349,99.18884374680349,0.0
600,99.26454260846802,99.26454260846802,0.0
601,99.17232607605025,99.17232607605025,0.0
602,99.25928666806082,99.25928666806082,0.0
603,99.39485045394132,99.39485045394132,0.0
604,99.43619394426369,99.43619394426369,0.0
605,99.6238735255195,99.6238735255195,0.0
606,99.54649460560914,99.54649460560914,0.0
607,99.422029135278,99.422029135278,0.0
608,99.24415711038758,99.24415711038758,0.0
609,99.39376154153649,99.39376154153649,0.0
610,99.4591981071719,99.4591981071719,0.0
611,99.45363964008085,99.45363964008085,0.0
612,99.48163650271283,99.48163650271283,0.0
613,99.369087597983,99.369087597983,0.0
614,99.61366279594468,99.61366279594468,0.0
615,99.6265849141422,99.6265849141422,0.0
616,99.63752439360269,99.63752439360269,0.0
617,99.71010105599255,99.71010105599255,0.0
618,99.75820197916623,99.75820197916623,0.0
619,99.78059038159414,99.78059038159414,0.0
620,99.7015429360496,99.7015429360496,0.0
621,99.74868977176321,99.74868977176321,0.0
622,99.93689222141072,99.93689222141072,0.0
623,100.07143422602621,100.07143422602621,0.0
624,100.23075288869015,100.23075288869015,0.0
625,100.17963132104703,100.17963132104703,0.0
626,100.08067083902118,100.08067083902118,0.0
627,100.06809214701121,100.06809214701121,0.0
628,100.07366463824007,100.07366463824007,0.0
629,100.18308379008718,100.18308379008718,0.0
630,100.0138373271157,100.0138373271157,0.0
631,100.16679235906176,100.16679235906176,0.0
632,100.15099156920385,100.15099156920385,0.0
633,100.10830346220911,100.10830346220911,0.0
634,100.0070930246831,100.0070930246831,0.0
635,99.84160735749651,99.84160735749651,0.0
636,99.92392441589271,99.92392441589271,0.0
637,99.93125621261156,99.93125621261156,0.0
638,99.80226012263745,99.80226012263745,0.0
639,99.67275224543108,99.67275224543108,0.0
640,99.63917377550207,99.63917377550207,0.0
641,99.806075928031,99.806075928031,0.0
642,99.78011679289465,99.78011679289465,0.0
643,99.62980249758284,99.62980249758284,0.0
644,99.60522819117425,99.60522819117425,0.0
645,99.57795583419947,99.57795583419947,0.0
646,99.30826716990532,99.30826716990532,0.0
647,99.30283768325354,99.30283768325354,0.0
648,99.27974423023267,99.27974423023267,0.0
649,99.34936486671401,99.34936486671401,0.0
650,99.53426047620854,99.53426047620854,0.0
651,99.64691697916332,99.64691697916332,0.0
652,99.62002811010784,99.62002811010784,0.0
653,99.50937551923367,99.50937551923367,0.0
654,99.76671149955865,99.76671149955865,0.0
655,99.7726333429601,99.7726333429601,0.0
656,99.7740262721514,99.7740262721514,0.0
657,99.7716137634404,99.7716137634404,0.0
658,99.79142223951719,99.79142223951719,0.0
659,99.77698619832479,99.77698619832479,0.0
660,99.71961999763677,99.71961999763677,0.0
661,99.66493410351273,99.66493410351273,0.0
662,99.66165877649114,99.66165877649114,0.0
663,99.60731629937776,99.60731629937776,0.0
664,99.53603172111004,99.53603172111004,0.0
665,99.54667474387922,99.54667474387922,0.0
666,99.52117702213714,99.52117702213714,0.0
667,99.67157632099541,99.67157632099541,0.0
668,99.40647934015611,99.40647934015611,0.0
669,99.51563002534836,99.51563002534836,0.0
670,99.64023854459812,99.64023854459812,0.0
671,99.4328995213573,99.4328995213573,0.0
672,99.39863076194926,99.39863076194926,0.0
673,99.3614866753497,99.3614866753497,0.0
674,99.22073550587791,99.22073550587791,0.0
675,99.14295383711882,99.14295383711882,0.0
676,99.03189625257224,99.03189625257224,0.0
677,99.2071232969146,99.2071232969146,0.0
678,99.30069113622935,99.30069113622935,0.0
679,99.42784664572876,99.42784664572876,0.0
680,99.50001385213308,99.50001385213308,0.0
681,99.38710867501136,99.38710867501136,0.0
682,99.33465664838339,99.33465664838339,0.0
683,99.38359410450617,99.38359410450617,0.0
684,99.26138132361699,99.26138132361699,0.0
685,99.33268116663422,99.33268116663422,0.0
686,99.30864862681841,99.30864862681841,0.0
687,99.27116654606345,99.27116654606345,0.0
688,99.3422625428838,99.3422625428838,0.0
689,99.3866888740324,99.3866888740324,0.0
690,99.35059225745049,99.35059225745049,0.0
691,99.46652523778693,99.46652523778693,0.0
692,99.35841890502692,99.35841890502692,0.0
693,99.42001246572136,99.42001246572136,0.0
694,99.4793225915182,99.4793225915182,0.0
695,99.44836794758679,99.44836794758679,0.0
696,99.48098124981101,99.48098124981101,0.0
697,99.35586989217248,99.35586989217248,0.0
698,99.44827259409317,99.44827259409317,0.0
699,99.42978238044887,99.42978238044887,0.0
700,99.37751007839697,99.37751007839697,0.0
701,99.48241100098065,99.48241100098065,0.0
702,99.41197663192638,99.41197663192638,0.0
703,99.27113050229002,99.27113050229002,0.0
704,99.11546758493763,99.11546758493763,0.0
705,99.1760685800722,99.1760685800722,0.0
706,99.04802564482256,99.04802564482256,0.0
707,99.22350506302101,99.22350506302101,0.0
708,99.01531212223263,99.01531212223263,0.0
709,99.18495775906163,99.18495775906163,0.0
710,99.2060595057819,99.2060595057819,0.0
711,99.19638819459486,99.19638819459486,0.0
712,99.14189628591396,99.14189628591396,0.0
713,99.18180989734917,99.18180989734917,0.0
714,99.17804642710668,99.17804642710668,0.0
715,99.28837661530834,99.28837661530834,0.0
716,99.29979938017453,99.29979938017453,0.0
717,99.31482955632073,99.31482955632073,0.0
718,99.27846833509935,99.27846833509935,0.0
719,99.27277377272723,99.27277377272723,0.0
720,99.30355394961644,99.30355394961644,0.0
721,99.13253711035078,99.13253711035078,0.0
722,98.9977185681402,98.9977185681402,0.0
723,99.07204497754248,99.07204497754248,0.0
724,99.08913152135527,99.08913152135527,0.0
725,99.07073318772001,99.07073318772001,0.0
726,99.07257658102654,99.07257658102654,0.0
727,99.10733475156272,99.10733475156272,0.0
728,99.05335878353178,99.05335878353178,0.0
729,98.97552831099155,98.97552831099155,0.0
730,98.9951128365013,98.9951128365013,0.0
731,98.8972755587398,98.8972755587398,0.0
732,98.93810083431126,98.93810083431126,0.0
733,98.76784247388747,98.76784247388747,0.0
734,98.87075803762004,98.87075803762004,0.0
735,98.91801778586134,98.91801778586134,0.0
736,98.94362075929273,98.94362075929273,0.0
737,99.04188985768728,99.04188985768728,0.0
738,99.20843730213353,99.20843730213353,0.0
739,99.30987430863534,99.30987430863534,0.0
740,99.12578688550218,99.12578688550218,0.0
741,98.99782918882862,98.99782918882862,0.0
742,98.93534733105905,98.93534733105905,0.0
743,98.93795643608013,98.93795643608013,0.0
744,98.98972233812704,98.98972233812704,0.0
745,98.9171479568117,98.9171479568117,0.0
746,98.9358246332594,98.9358246332594,0.0
747,98.86028634002408,98.86028634002408,0.0
748,98.79913455972488,98.79913455972488,0.0
749,98.65846845004006,98.65846845004006,0.0
750,98.56614512542896,98.56614512542896,0.0
751,98.43097666486733,98.43097666486733,0.0
752,98.33338933956959,98.33338933956959,0.0
753,98.43875351923039,98.43875351923039,0.0
754,98.34381363034719,98.34381363034719,0.0
755,98.60705183683093,98.60705183683093,0.0
756,98.65638362691901,98.65638362691901,0.0
757,98.6748672392885,98.6748672392885,0.0
758,98.58903146127038,98.58903146127038,0.0
759,98.65906244921128,98.65906244921128,0.0
760,98.6014986665875,98.6014986665875,0.0
761,98.61369964805203,98.61369964805203,0.0
762,98.86970810187891,98.86970810187891,0.0
763,98.86010211190646,98.86010211190646,0.0
764,98.97502944453502,98.97502944453502,0.0
765,98.90471180202243,98.90471180202243,0.0
766,98.90121295297274,98.90121295297274,0.0
767,99.07829301653629,99.07829301653629,0.0
768,99.01559631075752,99.01559631075752,0.0
769,99.1968411665572,99.1968411665572,0.0
770,99.26761636010275,99.26761636010275,0.0
771,99.21136968251332,99.21136968251332,0.0
772,99.27461045641887,99.27461045641887,0.0
773,99.37186590138155,99.37186590138155,0.0
774,99.43404689760327,99.43404689760327,0.0
775,99.27702442561423,99.27702442561423,0.0
776,99.20431070803174,99.20431070803174,0.0
777,99.17955884447659,99.17955884447659,0.0
778,99.17211550156658,99.17211550156658,0.0
779,99.23418271132165,99.23418271132165,0.0
780,99.25195281141498,99.25195281141498,0.0
781,99.11841837554397,99.11841837554397,0.0
782,99.15643816064456,99.15643816064456,0.0
783,99.21749673517294,99.21749673517294,0.0
784,99.27347577996605,99.27347577996605,0.0
785,99.3815538525215,99.3815538525215,0.0
786,99.4649460679764,99.4649460679764,0.0
787,99.51086407589925,99.51086407589925,0.0
788,99.50384750475338,99.50384750475338,0.0
789,99.33775141140178,99.33775141140178,0.0
790,99.38071323331503,99.38071323331503,0.0
791,99.40148200203134,99.40148200203134,0.0
792,99.42863988575088,99.42863988575088,0.0
793,99.30096502816886,99.30096502816886,0.0
794,99.19285937412803,99.19285937412803,0.0
795,99.29817465946132,99.29817465946132,0.0
796,99.29421914407565,99.29421914407565,0.0
797,99.36236921381291,99.36236921381291,0.0
798,99.36520105142597,99.36520105142597,0.0
799,99.36817666537554,99.36817666537554,0.0
800,99.46200504597314,99.46200504597314,0.0
801,99.4104005731514,99.4104005731514,0.0
802,99.42001265084549,99.42001265084549,0.0
803,99.37378512197499,99.37378512197499,0.0
804,99.33033549923177,99.33033549923177,0.0
805,99.2994182868849,99.2994182868849,0.0
806,99.32163166404827,99.32163166404827,0.0
807,99.27375680188192,99.27375680188192,0.0
808,99.39933241443927,99.39933241443927,0.0
809,99.30987168421733,99.30987168421733,0.0
810,99.29118451980119,99.29118451980119,0.0
811,99.24721141397377,99.24721141397377,0.0
812,99.39190920240914,99.39190920240914,0.0
813,99.4115646800603,99.4115646800603,0.0
814,99.51474913400716,99.51474913400716,0.0
815,99.36619309670347,99.36619309670347,0.0
816,99.3928981232904,99.3928981232904,0.0
817,99.48186120285274,99.48186120285274,0.0
818,99.49008960178028,99.49008960178028,0.0
819,99.59663763928681,99.59663763928681,0.0
820,99.54490879427678,99.54490879427678,0.0
821,99.68584353829533,99.68584353829533,0.0
822,99.91573335065726,99.91573335065726,0.0
823,99.8794494946133,99.8794494946133,0.0
824,99.83489924247321,99.83489924247321,0.0
825,99.98023769018499,99.98023769018499,0.0
826,100.13819490475805,100.13819490475805,0.0
827,100.08590890204273,100.08590890204273,0.0
828,100.04389022033314,100.04389022033314,0.0
829,100.0157117594471,100.0157117594471,0.0
830,99.88126670834367,99.88126670834367,0.0
831,99.78940151369525,99.78940151369525,0.0
832,99.68898743702005,99.68898743702005,0.0
833,99.61220768050963,99.61220768050963,0.0
834,99.60873919177095,99.60873919177095,0.0
835,99.6321606650246,99.6321606650246,0.0
836,99.78721071430601,99.78721071430601,0.0
837,99.68737531023213,99.68737531023213,0.0
838,99.7858075500798,99.7858075500798,0.0
839,99.76440866565724,99.76440866565724,0.0
840,99.759462294692,99.759462294692,0.0
841,99.82694424390866,99.82694424390866,0.0
842,99.71467204175242,99.71467204175242,0.0
843,99.75291301637083,99.75291301637083,0.0
844,99.76955823719213,99.76955823719213,0.0
845,99.81880336359295,99.81880336359295,0.0
846,99.84772022798373,99.84772022798373,0.0
847,100.09325024197483,100.09325024197483,0.0
848,100.0294762435497,100.0294762435497,0.0
849,99.97637654804952,99.97637654804952,0.0
850,99.91406249540704,99.91406249540704,0.0
851,99.858514783491,99.858514783491,0.0
852,99.79477607076035,99.79477607076035,0.0
853,99.9136777238711,99.9136777238711,0.0
854,100.0557281486701,100.0557281486701,0.0
855,99.99865351929515,99.99865351929515,0.0
856,99.91541796198473,99.91541796198473,0.0
857,99.96255951762336,99.96255951762336,0.0
858,99.90733721319526,99.90733721319526,0.0
859,99.97063039497083,99.97063039497083,0.0
860,99.99092269705595,99.99092269705595,0.0
861,99.83934828555623,99.83934828555623,0.0
862,99.99409880568923,99.99409880568923,0.0
863,100.17368657299879,100.17368657299879,0.0
864,100.11240770395034,100.11240770395034,0.0
865,100.07363754795675,100.07363754795675,0.0
866,100.10222408702924,100.10222408702924,0.0
867,100.13566976602795,100.13566976602795,0.0
868,100.20152419329523,100.20152419329523,0.0
869,100.40254464717187,100.40254464717187,0.0
870,100.38484992442245,100.38484992442245,0.0
871,100.30502019996861,100.30502019996861,0.0
872,100.16708827716715,100.16708827716715,0.0
873,100.09399527317296,100.09399527317296,0.0
874,100.09068257588558,100.09068257588558,0.0
875,100.27013836223736,100.27013836223736,0.0
876,100.21837723233375,100.21837723233375,0.0
877,100.24075602749764,100.24075602749764,0.0
878,100.23911373789036,100.23911373789036,0.0
879,100.35795306523517,100.35795306523517,0.0
880,100.61064630782253,100.61064630782253,0.0
881,100.5575594305305,100.5575594305305,0.0
882,100.50861548627867,100.50861548627867,0.0
883,100.61303157398558,100.61303157398558,0.0
884,100.68122072294821,100.68122072294821,0.0
885,100.86589145552182,100.86589145552182,0.0
886,100.92428427405441,100.92428427405441,0.0
887,100.88835506497571,100.88835506497571,0.0
888,100.94742054804495,100.94742054804495,0.0
889,101.05829090610322,101.05829090610322,0.0
890,101.14033912422296,101.14033912422296,0.0
891,101.1910665273337,101.1910665273337,0.0
892,101.2977339962926,101.2977339962926,0.0
893,101.41466355533719,101.41466355533719,0.0
894,101.55287945444093,101.55287945444093,0.0
895,101.6177504431999,101.6177504431999,0.0
896,101.60103863516821,101.60103863516821,0.0
897,101.61571000381154,101.61571000381154,0.0
898,101.73636090046237,101.73636090046237,0.0
899,101.65466733336366,101.65466733336366,0.0
900,101.69153466425095,101.69153466425095,0.0
901,101.65220078301822,101.65220078301822,0.0
902,101.6550752653117,101.6550752653117,0.0
903,101.78292045157242,101.78292045157242,0.0
904,101.80203035837441,101.80203035837441,0.0
905,101.80667401319003,101.80667401319003,0.0
906,101.67068839909203,101.67068839909203,0.0
907,101.74531375569475,101.74531375569475,0.0
908,101.80986217380887,101.80986217380887,0.0
909,102.0261876461394,102.0261876461394,0.0
910,101.9954098226441,101.9954098226441,0.0
911,102.01732485541051,102.01732485541051,0.0
912,102.04226322378157,102.04226322378157,0.0
913,102.20000855175793,102.20000855175793,0.0
914,102.19047899851923,102.19047899851923,0.0
915,102.21838115109627,102.21838115109627,0.0
916,102.27917080206792,102.27917080206792,0.0
917,102.29783171438355,102.29783171438355,0.0
918,102.2531883529285,102.2531883529285,0.0
919,102.27259735221833,102.27259735221833,0.0
920,102.3799605272043,102.3799605272043,0.0
921,102.2773089972632,102.2773089972632,0.0
922,102.2906059646779,102.2906059646779,0.0
923,102.22059388318398,102.22059388318398,0.0
924,102.34009854607646,102.34009854607646,0.0
925,102.18777985559808,102.18777985559808,0.0
926,102.13188767087092,102.13188767087092,0.0
927,102.16960885837737,102.16960885837737,0.0
928,102.32616126130081,102.32616126130081,0.0
929,102.31958623519351,102.31958623519351,0.0
930,102.26406628252418,102.26406628252418,0.0
931,102.45218198946824,102.45218198946824,0.0
932,102.30738059942662,102.30738059942662,0.0
933,102.08750000376462,102.08750000376462,0.0
934,102.13150144876995,102.13150144876995,0.0
935,102.08129602633468,102.08129602633468,0.0
936,101.97917274462162,101.97917274462162,0.0
937,102.05000838935155,102.05000838935155,0.0
938,102.07438846072867,102.07438846072867,0.0
939,102.017980597655,102.017980597655,0.0
940,101.88995015778791,101.88995015778791,0.0
941,101.97719589061593,101.97719589061593,0.0
942,102.04221600841178,102.04221600841178,0.0
943,102.03229842203385,102.03229842203385,0.0
944,102.21696212163862,102.21696212163862,0.0
945,102.109953645006,102.109953645006,0.0
946,101.95740112791353,101.95740112791353,0.0
947,101.88821032092541,101.88821032092541,0.0
948,101.88365171928986,101.88365171928986,0.0
949,101.90798566422212,101.90798566422212,0.0
950,101.88386205843649,101.88386205843649,0.0
951,101.91906759808792,101.91906759808792,0.0
952,101.79391365566887,101.79391365566887,0.0
953,101.9382901160762,101.9382901160762,0.0
954,101.93007499823695,101.93007499823695,0.0
955,102.04180458139577,102.04180458139577,0.0
956,102.07607711603353,102.07607711603353,0.0
957,102.12175243794891,102.12175243794891,0.0
958,102.17872916597213,102.17872916597213,0.0
959,102.22350002197386,102.22350002197386,0.0
960,102.28777229796061,102.28777229796061,0.0
961,102.42068755097385,102.42068755097385,0.0
962,102.440339667944,102.440339667944,0.0
963,102.51124004370286,102.51124004370286,0.0
964,102.50226647427414,102.50226647427414,0.0
965,102.64627819581908,102.64627819581908,0.0
966,102.57863896561315,102.57863896561315,0.0
967,102.75873300890423,102.75873300890423,0.0
968,102.7547172138398,102.7547172138398,0.0
969,102.611639703628,102.611639703628,0.0
970,102.62445014511907,102.62445014511907,0.0
971,102.55634497937159,102.55634497937159,0.0
972,102.64040933427046,102.64040933427046,0.0
973,102.57514693634022,102.57514693634022,0.0
974,102.53052859301874,102.53052859301874,0.0
975,102.3415745199242,102.3415745199242,0.0
976,102.29634388799929,102.29634388799929,0.0
977,102.05395595533639,102.05395595533639,0.0
978,101.89556567298781,101.89556567298781,0.0
979,101.97160713860224,101.97160713860224,0.0
980,102.05018715446732,102.05018715446732,0.0
981,102.09273291064582,102.09273291064582,0.0
982,101.9960352963329,101.9960352963329,0.0
983,101.9912641607187,101.9912641607187,0.0
984,101.99090390680965,101.99090390680965,0.0
985,101.8750674378904,101.8750674378904,0.0
986,102.02540726806711,102.02540726806711,0.0
987,102.11314349712467,102.11314349712467,0.0
988,102.09104707974171,102.09104707974171,0.0
989,102.09373566364116,102.09373566364116,0.0
990,102.11457394443592,102.11457394443592,0.0
991,101.91040045759348,101.91040045759348,0.0
992,101.88568271934143,101.88568271934143,0.0
993,101.81748429454164,101.81748429454164,0.0
994,101.71732229355216,101.71732229355216,0.0
995,101.68921226426356,101.68921226426356,0.0
996,101.86898091694852,101.86898091694852,0.0
997,101.93306520307522,101.93306520307522,0.0
998,101.87594730409694,101.87594730409694,0.0
999,101.93320558223255,101.93320558223255,0.0
